Source,Target,Weight,EdgeType
25,26,293,0
27,28,50,0
8,29,259.63,0
8,7,0.03,0
10,7,0.03,0
10,30,258.19,0
31,7,0.03,0
31,32,22.82,0
33,34,0.01245437,0
33,35,1.98754551,0
36,34,0.02030062,0
36,35,3.2396995,0
37,34,0.05511058,0
37,35,8.79488922,0
38,34,0.16614129,0
38,35,26.51385874,0
39,34,0.00062272,0
39,35,0.09937751,0
40,34,0.02117243,0
40,35,3.37882736,0
41,34,0.01419798,0
41,35,2.26580216,0
32,42,22.79,0
32,7,0.03,0
