Source,Target,Weight,EdgeType
0,1,12.86,0
2,1,3,0
3,1,0.14,0
4,5,0.19,0
6,7,0.03,0
6,8,259.66,0
9,7,0.03,0
9,10,258.22,0
11,12,20.45,0
11,13,0.53,0
14,15,0.02,0
14,16,0.05,0
17,15,0.2,0
18,19,0.00525,0
18,13,0.20475,0
20,19,0.00275,0
20,13,0.10725,0
21,19,0.002,0
21,13,0.078,0
22,23,0.04,0
22,24,0.01,0
