Source,Target,Weight,EdgeType
57,58,34.63999992,0
59,58,0.05000008,0
60,61,20,0
50,62,259.57,0
50,7,0.03,0
51,7,0.03,0
51,63,258.13,0
12,64,13.52,0
12,65,6.93,0
56,7,0.03,0
56,66,22.61,0
67,68,0.1,0
67,69,0.01,0
66,7,0.03,0
66,70,22.58,0
70,7,0.03,0
70,71,22.55,0
71,72,22.52,0
71,7,0.03,0
72,73,22.49,0
72,7,0.03,0
