Source,Target,Weight,EdgeType
43,44,0.9643202,0
43,45,0.03567985,0
46,44,7.7145612,0
46,45,0.28543876,0
47,44,11.3211186,0
47,45,0.41888139,0
48,49,6.74000001,0
45,49,0.73999999,0
29,50,259.6,0
29,7,0.03,0
30,7,0.03,0
30,51,258.16,0
42,7,0.03,0
42,52,22.76,0
52,7,0.03,0
52,53,22.73,0
53,7,0.03,0
53,54,22.7,0
54,7,0.03,0
54,55,22.67,0
55,56,22.64,0
55,7,0.03,0
